title,year,id,type,season
12 Monkeys: Season 1,2014,623083,show,1
9/11: One Day in America: Season 1,2021,1845112,show,1
According To Jim: Season 1,2001,320602,show,1
Adventures of Superman: Season 1,,136216,show,1
ALF: Season 1,1986,4022931,show,1
Alfred Hitchcock Presents: Season 1,1955,2713810,show,1
Alice: Season 1,1976,138855,show,1
Batman: Season 1,1966,614656,show,1
Bewitched: Season 1,1964,4008936,show,1
Blue Collar TV: Season 1,2004,2624158,show,1
Breaking Bad: Season 1,2008,207559,show,1
Bugs Bunny 80th Anniversary Collection: Season 1,1940,1588344,show,1
Cheers: Season 1,1982,255833,show,1
CHiPs: Season 1,1977,135380,show,1
Criminal Minds: Season 1,2005,242487,show,1
CSI: Crime Scene Investigation: Season 1,2000,238284,show,1
CSI: NY: Season 1,2004,238235,show,1
CSI: Vegas: Season 1,2021,1899110,show,1
DAN DA DAN (English Language Version): Season 1,2024,3969719,show,1
Declassified: Season 1,,1151756,show,1
Dinosaurs: Season 1,1991,419503,show,1
Doctor Who: Season 1,,202556,show,1
Drunk History: Season 1,2013,458263,show,1
Duck Dodgers: Season 1,2003,1501947,show,1
Duck Dynasty: Season 1,2012,306755,show,1
Family Matters: Season 1,1989,225987,show,1
Family Ties: Season 1,1982,363471,show,1
Finding Jesus: Season 1,,1087475,show,1
Fraggle Rock: Season 1,1983,396592,show,1
Frasier: Season 1,1993,517858,show,1
Friends: Season 1,1994,135587,show,1
Full House: Season 1,1988,276920,show,1
Get Smart: Season 1,1965,1092701,show,1
Gilligan's Island: The Complete First Season,1964,592265,show,1
"Good Morning, Miss Bliss: Season 1",1988,499418,show,1
Growing Pains: Season 1,1985,236201,show,1
He-Man and the Masters of the Universe: Season 1,1983,595624,show,1
History of the Sitcom: Season 1,2021,2306707,show,1
Home Improvement: Season 1,1991,550047,show,1
I Dream of Jeannie: Season 1,1965,139183,show,1
I Love Lucy: Season 1,1951,4215017,show,1
Inspector Gadget: Season 1,,211946,show,1
Kaiju No. 8: Season 1,,3285994,show,1
Knight Rider [2008]: Season 1,2008,297767,show,1
Knight Rider: Classic: Season 1,,298211,show,1
Land of the Lost: Season 1,,2858960,show,1
Last Man Standing: Season 1,2011,425100,show,1
Leave It to Beaver: Season 1,1957,4743774,show,1
Little House on the Prairie: Season 1,1974,527037,show,1
Long Lost Family: Season 1,,755660,show,1
Looney Tunes Cartoons: Season 1,2020,2025343,show,1
Lost in Space: Season 1,1965,129704,show,1
Mama's Family: Season 1,1983,1113585,show,1
Mission Impossible: Season 1,1966,522077,show,1
Modern Family: Season 1,2009,183127,show,1
"Murder, She Wrote: Season 1",1984,3644141,show,1
My Wife and Kids: Season 1,2001,342670,show,1
North and South: Season 1,1985,1154708,show,1
Ozzy and Jack's World Detour: Season 1,2016,788170,show,1
Parks and Recreation: Season 1,2009,215759,show,1
Pink Panther Show: Season 1,,818558,show,1
Saved By The Bell: Season 1,1989,499446,show,1
Schoolhouse Rock: Season 1,,333329,show,1
"Scooby-Doo, Where Are You!: Season 1",1969,266353,show,1
Scorpion: Season 1,2014,578542,show,1
Scrubs: Season 1,2001,333214,show,1
Silicon Valley: Season 1,2014,561420,show,1
Spaceballs: The Animated Series: Season 1,2008,3205857,show,1
Step by Step: Season 1,1991,3214475,show,1
The 2000s: Season 1,2018,2187998,show,1
The 2010s: Season 1,2023,2400139,show,1
The A-Team: Season 1,1983,298469,show,1
The Addams Family Kooky Collection: Volume 1,1964,1091269,show,1
The Andy Griffith Show: Season 1,1960,519972,show,1
The Big Bang Theory: Season 1,,133104,show,1
The Chosen: Season 1,,2777813,show,1
The Dick Van Dyke Show: Season 1,1961,1809469,show,1
The Dukes of Hazzard: Season 1,1979,138708,show,1
The Eighties: Season 1,2016,2187936,show,1
The Fairly OddParents: Volume 1,2001,458091,show,1
The Flintstones: Season 1,1960,134428,show,1
The Fresh Prince of Bel-Air: Season 1,1990,232974,show,1
The Incredible Hulk [1977]: Season 1,1977,298675,show,1
The Jetsons: Season 1,1962,135838,show,1
The Last of Us: Season 1,2023,2275396,show,1
The Movies: Season 1,2019,2300683,show,1
The Muppets: Season 1,2015,704189,show,1
The Nineties: Season 1,2017,2187973,show,1
The Office: Season 1,2005,198442,show,1
The Our Gang Collection: Volume 1,,276611,show,1
The Seventies: Season 1,2015,2177647,show,1
The Sixties: Season 1,2014,2177610,show,1
"The Smurfs: Season 1, Volume 1",1981,133193,show,1
"The Three Stooges Collection: Volume 1, 1934-1936",1934,358557,show,1
The Twilight Zone (2019): Season 1,2019,1390430,show,1
The Twilight Zone: Season 1,1959,261282,show,1
The Waltons: Season 1,1972,1113464,show,1
Tom Clancy's Jack Ryan: Season 1,2018,1216952,show,1
Wacky Races: Season 1,1968,138844,show,1
Wonder Woman: Season 1,1976,136858,show,1
Young & Hungry: Season 1,2014,4278826,show,1
Young Sheldon: Season 1,2017,893680,show,1
Z Nation: Season 1,2014,588806,show,1
12 Monkeys: Season 2,2016,750501,show,2
According To Jim: Season 2,2002,321054,show,2
Adventures of Superman: Season 2,,136217,show,2
ALF: Season 2,1987,4022983,show,2
Alice: Season 2,1977,4105004,show,2
Batman: Season 2: Part 1,1966,616749,show,2
Batman: Season 2: Part 2,1966,616925,show,2
Bewitched: Season 2,1965,4009019,show,2
Blue Collar TV: Season 2,2005,2624223,show,2
Breaking Bad: Season 2,2009,207622,show,2
Cheers: Season 2,1983,255856,show,2
CHiPs: Season 2,1978,135381,show,2
Criminal Minds: Season 2,2006,242391,show,2
CSI: Crime Scene Investigation: Season 2,2001,238308,show,2
CSI: NY: Season 2,2005,238236,show,2
CSI: Vegas: Season 2,2022,2138407,show,2
Declassified: Season 2,,1151783,show,2
Dinosaurs: Season 2,1991,419469,show,2
Doctor Who: Season 2,,202722,show,2
Drunk History: Season 2,2014,556659,show,2
Duck Dodgers: Season 2,2004,1501989,show,2
Duck Dynasty: Season 2,2012,389943,show,2
Family Matters: Season 2,1990,226033,show,2
Family Ties: Season 2,1983,369392,show,2
Finding Jesus: Season 2,,1087503,show,2
Frasier: Season 2,1994,519505,show,2
Friends: Season 2,1995,135612,show,2
Full House: Season 2,1988,1150453,show,2
Get Smart: Season 2,1966,1092769,show,2
Gilligan's Island: The Complete Second Season,1965,592425,show,2
Growing Pains: Season 2,1986,236202,show,2
He-Man and the Masters of the Universe: Season 2,1984,1137197,show,2
Home Improvement: Season 2,1992,550147,show,2
I Dream of Jeannie: Season 2,1966,446669,show,2
I Love Lucy: Season 2,1952,4215125,show,2
Inspector Gadget: Season 2,,211994,show,2
Kaiju No. 8: Season 2,,4415309,show,2
Knight Rider: Classic: Season 2,,298257,show,2
Land of the Lost: Season 2,,2858996,show,2
Last Man Standing: Season 2,2012,387412,show,2
Leave It to Beaver: Season 2,1958,4743900,show,2
Little House on the Prairie: Season 2,1975,527204,show,2
Long Lost Family: Season 2,,847626,show,2
Looney Tunes Cartoons: Season 2,2021,1968817,show,2
Lost in Space: Season 2,1966,129734,show,2
Mama's Family: Season 2,1983,1154294,show,2
Mission Impossible: Season 2,1967,522233,show,2
Modern Family: Season 2,2010,183098,show,2
"Murder, She Wrote: Season 2",1985,3644225,show,2
My Wife and Kids: Season 2,2001,362659,show,2
North and South: Season 2,1986,1154743,show,2
Ozzy and Jack's World Detour: Season 2,2017,908506,show,2
Parks and Recreation: Season 2,2009,215787,show,2
Pink Panther Show: Season 2,,818746,show,2
Saved By The Bell: Season 2,1990,499499,show,2
Schoolhouse Rock: Season 2,,333305,show,2
"Scooby-Doo, Where Are You!: Season 2",1970,266389,show,2
Scorpion: Season 2,2015,701729,show,2
Scrubs: Season 2,2002,333168,show,2
Silicon Valley: Season 2,2015,678706,show,2
Step by Step: Season 2,1992,3214553,show,2
The A-Team: Season 2,1983,298499,show,2
The Addams Family Kooky Collection: Volume 2,1965,1091338,show,2
The Andy Griffith Show: Season 2,1961,520190,show,2
The Big Bang Theory: Season 2,,305437,show,2
The Chosen: Season 2,,2777843,show,2
The Dick Van Dyke Show: Season 2,1962,4609215,show,2
The Dukes of Hazzard: Season 2,1979,138711,show,2
The Fairly OddParents: Volume 2,2001,458119,show,2
The Flintstones: Season 2,1961,134457,show,2
The Fresh Prince of Bel-Air: Season 2,1991,232975,show,2
The Incredible Hulk [1977]: Season 2,1978,298705,show,2
The Jetsons: Season 2,1985,135864,show,2
The Office: Season 2,2005,198473,show,2
The Our Gang Collection: Volume 2,,276639,show,2
"The Three Stooges Collection: Volume 2, 1937-1939",1937,310385,show,2
The Twilight Zone (2019): Season 2,2020,1633333,show,2
The Twilight Zone: Season 2,1960,261283,show,2
The Waltons: Season 2,1973,1152113,show,2
Tom Clancy's Jack Ryan: Season 2,2019,1531512,show,2
Wonder Woman: Season 2,1977,861527,show,2
Young & Hungry: Season 2,2015,4278859,show,2
Young Sheldon: Season 2,2018,974220,show,2
Z Nation: Season 2,2015,693012,show,2
12 Monkeys: Season 3,2017,867321,show,3
According To Jim: Season 3,2003,376602,show,3
Adventures of Superman: Season 3,,136218,show,3
ALF: Season 3,1988,4023035,show,3
Alice: Season 3,1978,4105075,show,3
Batman: Season 3,1967,617049,show,3
Bewitched: Season 3,1966,4009097,show,3
Breaking Bad: Season 3,2010,207687,show,3
Cheers: Season 3,1984,255879,show,3
CHiPs: Season 3,1979,3550832,show,3
Criminal Minds: Season 3,2007,242307,show,3
CSI: Crime Scene Investigation: Season 3,2002,238332,show,3
CSI: NY: Season 3,2006,361287,show,3
CSI: Vegas: Season 3,2024,2991777,show,3
Declassified: Season 3,,1261882,show,3
Dinosaurs: Season 3,1992,419423,show,3
Doctor Who: Season 3,,202783,show,3
Drunk History: Season 3,2015,694639,show,3
Duck Dodgers: Season 3,2005,1502031,show,3
Duck Dynasty: Season 3,2013,412620,show,3
Family Matters: Season 3,1991,1152928,show,3
Family Ties: Season 3,1984,369340,show,3
Frasier: Season 3,1995,519649,show,3
Friends: Season 3,1996,135637,show,3
Full House: Season 3,1989,1150522,show,3
Get Smart: Season 3,1967,1092837,show,3
Gilligan's Island: The Complete Third Season,1966,592923,show,3
Growing Pains: Season 3,1987,236203,show,3
Home Improvement: Season 3,1993,550363,show,3
I Dream of Jeannie: Season 3,1967,311376,show,3
I Love Lucy: Season 3,1953,4215221,show,3
Inspector Gadget: Season 3,,212070,show,3
Knight Rider: Classic: Season 3,,298307,show,3
Land of the Lost: Season 3,,2859024,show,3
Last Man Standing: Season 3,2013,484093,show,3
Leave It to Beaver: Season 3,1959,4744023,show,3
Little House on the Prairie: Season 3,1976,577952,show,3
Long Lost Family: Season 3,,905864,show,3
Looney Tunes Cartoons: Season 3,2021,1974365,show,3
Lost in Space: Season 3,1967,129765,show,3
Mama's Family: Season 3,1986,1154363,show,3
Mission Impossible: Season 3,1968,522493,show,3
Modern Family: Season 3,2011,385026,show,3
"Murder, She Wrote: Season 3",1986,3644306,show,3
My Wife and Kids: Season 3,2002,551951,show,3
North and South: Season 3,1994,1154764,show,3
Ozzy and Jack's World Detour: Season 3,2018,959869,show,3
Parks and Recreation: Season 3,2011,215894,show,3
Pink Panther Show: Season 3,,818750,show,3
Pink Panther Show: Season 4,,818754,show,3
Saved By The Bell: Season 3,1990,499527,show,3
Schoolhouse Rock: Season 3,,333281,show,3
"Scooby-Doo, Where Are You!: Season 3",1978,266407,show,3
Scorpion: Season 3,2016,792810,show,3
Scrubs: Season 3,2003,327294,show,3
Silicon Valley: Season 3,2016,780554,show,3
Step by Step: Season 3,1993,3214628,show,3
The A-Team: Season 3,1984,298547,show,3
The Addams Family Kooky Collection: Volume 3,1965,1091404,show,3
The Andy Griffith Show: Season 3,1962,520328,show,3
The Big Bang Theory: Season 3,,305535,show,3
The Chosen: Season 3,,2777870,show,3
The Dick Van Dyke Show: Season 3,1963,4609383,show,3
The Dukes of Hazzard: Season 3,1980,138713,show,3
The Fairly OddParents: Volume 3,2003,458147,show,3
The Flintstones: Season 3,1962,134458,show,3
The Fresh Prince of Bel-Air: Season 3,1992,232976,show,3
The Incredible Hulk [1977]: Season 3,1979,298753,show,3
The Jetsons: Season 3,1987,1479299,show,3
The Office: Season 3,2006,198565,show,3
"The Three Stooges Collection: Volume 3, 1940-1942",1940,358597,show,3
The Twilight Zone: Season 3,1961,261284,show,3
The Waltons: Season 3,1974,1152369,show,3
Tom Clancy's Jack Ryan: Season 3,2022,2882828,show,3
Wonder Woman: Season 3,1978,861596,show,3
Young & Hungry: Season 3,2016,4278925,show,3
Young Sheldon: Season 3,2019,1239123,show,3
Z Nation: Season 3,2016,798789,show,3
12 Monkeys: Season 4,2018,957361,show,4
According To Jim: Season 4,2004,376724,show,4
Adventures of Superman: Season 4,,221275,show,4
ALF: Season 4,1989,4023087,show,4
Alice: Season 4,1979,4105152,show,4
Bewitched: Season 4,1967,4009168,show,4
Breaking Bad: Season 4,2011,205517,show,4
Cheers: Season 4,1985,255905,show,4
CHiPs: Season 4,1980,3550904,show,4
Criminal Minds: Season 4,2008,242199,show,4
CSI: Crime Scene Investigation: Season 4,2003,238356,show,4
CSI: NY: Season 4,2007,243827,show,4
Dinosaurs: Season 4,1994,418849,show,4
Doctor Who: Season 4,,202847,show,4
Drunk History: Season 4,2016,795234,show,4
Duck Dynasty: Season 4,2013,470053,show,4
Family Matters: Season 4,1992,1153006,show,4
Family Ties: Season 4,1985,369146,show,4
Finding Your Roots: Season 4,,900450,show,4
Frasier: Season 4,1996,519738,show,4
Friends: Season 4,1997,135663,show,4
Full House: Season 4,1990,1150597,show,4
Get Smart: Season 4,1968,1092891,show,4
Growing Pains: Season 4,1988,236204,show,4
Home Improvement: Season 4,1994,550498,show,4
I Dream of Jeannie: Season 4,1968,447120,show,4
I Love Lucy: Season 4,1954,4215317,show,4
Knight Rider: Classic: Season 4,,298351,show,4
Last Man Standing: Season 4,2014,588100,show,4
Leave It to Beaver: Season 4,1960,4744143,show,4
Little House on the Prairie: Season 4,1977,580677,show,4
Long Lost Family: Season 4,,943538,show,4
Looney Tunes Cartoons: Season 4,2022,1997722,show,4
Mama's Family: Season 4,1987,1154456,show,4
Mission Impossible: Season 4,1969,522653,show,4
Modern Family: Season 4,2012,384178,show,4
"Murder, She Wrote: Season 4",1987,3644387,show,4
My Wife and Kids: Season 4,2003,552075,show,4
Parks and Recreation: Season 4,2011,229736,show,4
Saved By The Bell: Season 4,1991,499567,show,4
Scorpion: Season 4,2017,888888,show,4
Scrubs: Season 4,2004,327242,show,4
Silicon Valley: Season 4,2017,880467,show,4
Step by Step: Season 4,1994,3214703,show,4
The A-Team: Season 4,1985,298599,show,4
The Andy Griffith Show: Season 4,1963,520460,show,4
The Big Bang Theory: Season 4,,200147,show,4
The Chosen: Season 4,,3356822,show,4
The Dick Van Dyke Show: Season 4,1964,4609521,show,4
The Dukes of Hazzard: Season 4,1981,138715,show,4
The Fairly OddParents: Volume 4,2003,458175,show,4
The Flintstones: Season 4,1963,134459,show,4
The Fresh Prince of Bel-Air: Season 4,1993,232977,show,4
The Incredible Hulk [1977]: Season 4,1980,298803,show,4
The Office: Season 4,2007,198665,show,4
"The Three Stooges Collection: Volume 4, 1943-1945",1943,358645,show,4
The Twilight Zone: Season 4,1963,261285,show,4
The Waltons: Season 4,1975,1152847,show,4
Tom Clancy's Jack Ryan: Season 4,2023,3369909,show,4
Who Do You Think You Are?: Season 4,,461549,show,4
Young & Hungry: Season 4,2016,4278958,show,4
Young Sheldon: Season 4,2020,1563998,show,4
Z Nation: Season 4,2017,896370,show,4
According To Jim: Season 5,2005,320886,show,5
Adventures of Superman: Season 5,,221303,show,5
Alice: Season 5,1980,4105232,show,5
Bewitched: Season 5,1968,4009236,show,5
Breaking Bad: Season 5,2012,353871,show,5
Cheers: Season 5,1986,255932,show,5
CHiPs: Season 5,1981,3550973,show,5
Criminal Minds: Season 5,2009,242107,show,5
CSI: Crime Scene Investigation: Season 5,2004,238380,show,5
CSI: NY: Season 5,2008,243715,show,5
Doctor Who: Season 5,,203030,show,5
Drunk History: Season 5,2018,918790,show,5
Duck Dynasty: Season 5,2014,509473,show,5
Family Matters: Season 5,1993,1158219,show,5
Family Ties: Season 5,1986,369038,show,5
Finding Your Roots: Season 5,,1045543,show,5
Frasier: Season 5,1997,519878,show,5
Friends: Season 5,1998,135687,show,5
Full House: Season 5,1991,1150678,show,5
Get Smart: Season 5,1969,1092945,show,5
Growing Pains: Season 5,1989,236205,show,5
Home Improvement: Season 5,1995,550606,show,5
I Dream of Jeannie: Season 5,1969,447174,show,5
I Love Lucy: Season 5,1955,4215410,show,5
Last Man Standing: Season 5,2015,694925,show,5
Leave It to Beaver: Season 5,1961,4744275,show,5
Little House on the Prairie: Season 5,1978,580773,show,5
Long Lost Family: Season 5,,1000646,show,5
Looney Tunes Cartoons: Season 5,2022,2384691,show,5
Mama's Family: Season 5,1988,1154534,show,5
Mission Impossible: Season 5,1970,522801,show,5
Modern Family: Season 5,2013,473042,show,5
"Murder, She Wrote: Season 5",1988,3644462,show,5
My Wife and Kids: Season 5,2004,552199,show,5
Parks and Recreation: Season 5,2012,365560,show,5
Saved By The Bell: Season 5,1992,499783,show,5
Scrubs: Season 5,2006,327182,show,5
Silicon Valley: Season 5,2018,951507,show,5
Step by Step: Season 5,1995,3214778,show,5
The A-Team: Season 5,1986,298647,show,5
The Andy Griffith Show: Season 5,1964,520660,show,5
The Big Bang Theory: Season 5,,244489,show,5
The Chosen: Season 5,,4607710,show,5
The Dick Van Dyke Show: Season 5,1965,4609656,show,5
The Dukes of Hazzard: Season 5,1982,138716,show,5
The Fairly OddParents: Volume 5,2004,458869,show,5
The Flintstones: Season 5,1964,134460,show,5
The Fresh Prince of Bel-Air: Season 5,1994,232978,show,5
The Office: Season 5,2008,198725,show,5
"The Three Stooges Collection: Volume 5, 1946-1948",1946,437597,show,5
The Twilight Zone: Season 5,1963,261286,show,5
The Waltons: Season 5,1976,1152525,show,5
Young & Hungry: Season 5,2017,4278994,show,5
Young Sheldon: Season 5,2021,1928352,show,5
Z Nation: Season 5,2018,998117,show,5
According To Jim: Season 6,2007,320978,show,6
Adventures of Superman: Season 6,,221336,show,6
Alice: Season 6,1981,4105298,show,6
Bewitched: Season 6,1969,4009298,show,6
Breaking Bad: The Final Season,2013,460609,show,6
Cheers: Season 6,1987,255959,show,6
CHiPs: Season 6,1982,3551057,show,6
Criminal Minds: Season 6,2010,242007,show,6
CSI: Crime Scene Investigation: Season 6,2005,238381,show,6
CSI: NY: Season 6,2009,243616,show,6
"Doctor Who: Season 6, Part 1",,203170,show,6
"Doctor Who: Season 6, Part 2",,216275,show,6
Drunk History: Season 6,2019,1047068,show,6
Duck Dynasty: Season 6,2014,546849,show,6
Family Matters: Season 6,1994,1153246,show,6
Family Ties: Season 6,1987,368676,show,6
Finding Your Roots: Season 6,,1258017,show,6
Frasier: Season 6,1998,520036,show,6
Friends: Season 6,1999,135712,show,6
Full House: Season 6,1992,1150759,show,6
Growing Pains: Season 6,1990,236206,show,6
Home Improvement: Season 6,1996,550758,show,6
I Love Lucy: Season 6,1956,4215491,show,6
Last Man Standing: Season 6,2016,808683,show,6
Leave It to Beaver: Season 6,1962,4744399,show,6
Little House on the Prairie: Season 6,1979,580873,show,6
Long Lost Family: Season 6,,1276323,show,6
Looney Tunes Cartoons: Season 6,2023,4057277,show,6
Mama's Family: Season 6,1989,1154612,show,6
Mission Impossible: Season 6,1971,522921,show,6
Modern Family: Season 6,2014,571546,show,6
"Murder, She Wrote: Season 6",1989,3644546,show,6
Parks and Recreation: Season 6,2013,477840,show,6
Scrubs: Season 6,2006,327098,show,6
Silicon Valley: Season 6,2019,1317788,show,6
Step by Step: Season 6,1997,3214853,show,6
The Andy Griffith Show: Season 6,1965,520826,show,6
The Big Bang Theory: Season 6,,379551,show,6
The Dukes of Hazzard: Season 6,1983,138717,show,6
The Fairly OddParents: Volume 6,2006,458897,show,6
The Flintstones: Season 6,1965,134461,show,6
The Fresh Prince of Bel-Air: Season 6,1995,232979,show,6
The Office: Season 6,2009,198833,show,6
"The Three Stooges Collection: Volume 6, 1949-1951",1949,437655,show,6
The Waltons: Season 6,1977,1152760,show,6
Young Sheldon: Season 6,2022,2139363,show,6
According To Jim: Season 7,2008,320730,show,7
Alice: Season 7,1982,4105408,show,7
Bewitched: Season 7,1970,4009360,show,7
Cheers: Season 7,1988,255984,show,7
Criminal Minds: Season 7,2011,239258,show,7
CSI: Crime Scene Investigation: Season 7,2006,239237,show,7
CSI: NY: Season 7,2010,243517,show,7
"Doctor Who: Season 7, Part 1",,371254,show,7
"Doctor Who: Season 7, Part 2",,422862,show,7
Duck Dynasty: Season 7,2014,623527,show,7
Family Matters: Season 7,1995,1153336,show,7
Family Ties: Season 7,1988,368620,show,7
Finding Your Roots: Season 7,,1645707,show,7
Frasier: Season 7,1999,520700,show,7
Friends: Season 7,2000,135738,show,7
Full House: Season 7,1993,1150837,show,7
Growing Pains: Season 7,1991,236207,show,7
Home Improvement: Season 7,1997,550862,show,7
Last Man Standing: Season 7,2018,976566,show,7
Little House on the Prairie: Season 7,1980,581001,show,7
Mission Impossible: Season 7,1972,523079,show,7
Modern Family: Season 7,2015,695069,show,7
"Murder, She Wrote: Season 7",1990,3644621,show,7
Parks and Recreation: Season 7,2015,630785,show,7
Scrubs: Season 7,2007,326872,show,7
Step by Step: Season 7,1997,3214928,show,7
The Andy Griffith Show: Season 7,1966,520992,show,7
The Big Bang Theory: Season 7,,480050,show,7
The Dukes of Hazzard: Season 7,1984,138718,show,7
The Fairly OddParents: Volume 7,2005,458921,show,7
The Office: Season 7,2010,200302,show,7
"The Three Stooges Collection: Volume 7, 1952-1954",1952,437705,show,7
The Waltons: Season 7,1978,1152450,show,7
Who Do You Think You Are?: Season 7,,762298,show,7
Young Sheldon: Season 7,2024,2991297,show,7
According To Jim: Season 8,2008,320806,show,8
Alice: Season 8,1983,4105492,show,8
Bewitched: Season 8,1971,4009421,show,8
Cheers: Season 8,1989,256007,show,8
Criminal Minds: Season 8,2012,376548,show,8
CSI: Crime Scene Investigation: Season 8,2007,239238,show,8
CSI: NY: Season 8,2011,238237,show,8
Doctor Who: Season 8,,565378,show,8
Duck Dynasty: Season 8,2015,673115,show,8
Family Matters: Season 8,1996,1153416,show,8
Finding Your Roots: Season 8,,1977657,show,8
Frasier: Season 8,2000,520958,show,8
Friends: Season 8,2001,135763,show,8
Full House: Season 8,1994,1150912,show,8
Home Improvement: Season 8,1998,550998,show,8
Last Man Standing: Season 8,2020,1330771,show,8
Little House on the Prairie: Season 8,1981,581743,show,8
Modern Family: Season 8,2016,796227,show,8
"Murder, She Wrote: Season 8",1991,3644759,show,8
Scrubs: Season 8,2009,326792,show,8
The Andy Griffith Show: Season 8,1967,521254,show,8
The Big Bang Theory: Season 8,,567257,show,8
The Fairly OddParents: Volume 8,2008,458949,show,8
The Office: Season 8,2011,229680,show,8
"The Three Stooges Collection: Volume 8, 1955-1959",1955,437751,show,8
The Waltons: Season 8,1979,1152682,show,8
Who Do You Think You Are?: Season 8,,851917,show,8
Alice: Season 9,1984,4105576,show,9
Cheers: Season 9,1990,256034,show,9
Criminal Minds: Season 9,2013,475556,show,9
CSI: Crime Scene Investigation: Season 9,2008,239239,show,9
CSI: NY: Season 9,2012,376544,show,9
Doctor Who: Season 9,,695370,show,9
Duck Dynasty: Season 9,2016,744555,show,9
Family Matters: Season 9,1997,1153491,show,9
Frasier: Season 9,2001,521134,show,9
Friends: Season 9,2002,135788,show,9
Last Man Standing: Season 9,2021,1603195,show,9
Little House on the Prairie: Season 9,1982,582315,show,9
Modern Family: Season 9,2017,878591,show,9
"Murder, She Wrote: Season 9",1992,3644897,show,9
Scrubs: Season 9,2009,362775,show,9
The Big Bang Theory: Season 9,,691505,show,9
The Fairly OddParents: Volume 9,2009,458977,show,9
The Office: Season 9,2012,365464,show,9
The Waltons: Season 9,1980,1152850,show,9
Who Do You Think You Are?: Season 9,,952649,show,9
Cheers: Season 10,1991,256062,show,10
Criminal Minds: Season 10,2014,576742,show,10
CSI: Crime Scene Investigation: Season 10,2009,239240,show,10
CSI: Crime Scene Investigation: The Final Episodes,2015,712951,show,10
Doctor Who: Season 10,,854948,show,10
Duck Dynasty: Season 10,2016,784127,show,10
Frasier: Season 10,2002,518919,show,10
Friends: Season 10,2003,135813,show,10
Modern Family: Season 10,2018,976960,show,10
"Murder, She Wrote: Season 10",1993,3644972,show,10
The Big Bang Theory: Season 10,,796795,show,10
The Fairly OddParents: Volume 10,2013,438571,show,10
Who Do You Think You Are?: Season 10,,1026334,show,10
Cheers: Season 11,1992,256088,show,11
Criminal Minds: Season 11,2015,702771,show,11
CSI: Crime Scene Investigation: Season 11,2010,239241,show,11
Doctor Who: Season 11,,986460,show,11
Duck Dynasty: Season 11,2016,829041,show,11
Frasier: Season 11,2003,521641,show,11
Modern Family: Season 11,2019,1213137,show,11
"Murder, She Wrote: Season 11",1994,3645050,show,11
The Big Bang Theory: Season 11,,887617,show,11
The Fairly OddParents: Volume 11,2014,562505,show,11
Criminal Minds: Season 12,2016,792658,show,12
CSI: Crime Scene Investigation: Season 12,2011,239242,show,12
Doctor Who: Season 12,,1309779,show,12
"Murder, She Wrote: Season 12",1995,3645131,show,12
The Big Bang Theory: Season 12,,974142,show,12
The Fairly OddParents: Volume 12,2016,731889,show,12
Criminal Minds: Season 13,2017,888858,show,13
CSI: Crime Scene Investigation: Season 13,2012,376540,show,13
Doctor Who: Season 13,,1951436,show,13
Criminal Minds: Season 14,2018,976206,show,14
CSI: Crime Scene Investigation: Season 14,2013,475652,show,14
Criminal Minds: Season 15,2020,1328182,show,15
CSI: Crime Scene Investigation: Season 15,2014,577158,show,15
Doctor Who: Eve of the Daleks,,1973204,show,
Doctor Who: Last Christmas,,629495,show,
Doctor Who: Legend of the Sea Devils,,2020697,show,
Doctor Who: Resolution,,1035591,show,
Doctor Who: Revolution of the Daleks,,1612576,show,
Doctor Who: The Christopher Eccleston & David Tennant Years (Bundle),,1323761,show,
Doctor Who: The David Tennant Specials,2008,205089,show,
Doctor Who: The Day of the Doctor,2013,487880,show,
"Doctor Who: The Doctor, the Widow and the Wardrobe",,278836,show,
Doctor Who: The Husbands of River Song,,730328,show,
Doctor Who: The Matt Smith (Bundle),,371352,show,
Doctor Who: The Peter Capaldi Years (Bundle),,986293,show,
Doctor Who: The Power of the Doctor,,2159261,show,
Doctor Who: The Return of Doctor Mysterio,,832109,show,
Doctor Who: The Snowmen,,406976,show,
Doctor Who: The Time of the Doctor,2013,503463,show,
Doctor Who: Twice Upon a Time,,914197,show,
Lip Sync Battle: Derek Hough vs. Julianne Hough,2015,790935,show,
Saved by the Bell: Hawaiian Style,1992,1172667,show,
Saved By The Bell: The College Years: Season 1,1993,499809,show,1
Saved by the Bell: Wedding in Las Vegas,1994,1173358,show,
"Teenage Mutant Ninja Turtles: I, Monster",2013,416675,show,
V: The Original Miniseries & V: The Final Battle,1983,4396346,show,
